sample_id,sample_date,location,sequence_id
PHS11,2026-03-31,Mylona_marsh,PHS11|Mylona_marsh|2026-03-31
PHS2,2026-04-04,Mylona_marsh,PHS2|Mylona_marsh|2026-04-04
PHS9,2026-04-05,Mylona_marsh,PHS9|Mylona_marsh|2026-04-05
PHS19,2026-04-13,Mylona_marsh,PHS19|Mylona_marsh|2026-04-13
PHS22,2026-04-13,Mylona_marsh,PHS22|Mylona_marsh|2026-04-13
PHS23,2026-04-16,Rachelburg,PHS23|Rachelburg|2026-04-16
PHS17,2026-04-17,Mylona_marsh,PHS17|Mylona_marsh|2026-04-17
PHS4,2026-03-17,Mylona_marsh,PHS4|Mylona_marsh|2026-03-17
PHS1,2026-03-17,Mylona_marsh,PHS1|Mylona_marsh|2026-03-17
PHS0,2026-03-19,Mylona_marsh,PHS0|Mylona_marsh|2026-03-19
PHS3,2026-03-20,Mylona_marsh,PHS3|Mylona_marsh|2026-03-20
PHS7,2026-03-27,Mylona_marsh,PHS7|Mylona_marsh|2026-03-27
PHS13,2026-04-10,Mylona_marsh,PHS13|Mylona_marsh|2026-04-10
PHS351,2026-06-20,Rachelburg,PHS351|Rachelburg|2026-06-20
PHS41,2026-05-06,Rachelburg,PHS41|Rachelburg|2026-05-06
PHS100,2026-05-24,Rachelburg,PHS100|Rachelburg|2026-05-24
